{
  "temperature": 24.72346249213166,
  "humidity": 50.925028947996786
}