{
  "temperature": 24.501117363780036,
  "humidity": 52.47209580135366
}